Promotions,Brand,Top Discount,Start,End,Notes
Presidents Day,brand outlet,0.5,2/14/24,2/20/24,
Friends & Family,brand outlet,0.5,3/7/24,3/13/24,
Easter Pre-Peak,brand outlet,0.5,3/18/24,3/24/24,
Easter Peak,brand outlet,0.5,3/25/24,4/1/24,
Spring Sale,brand outlet,0.5,4/17/24,4/28/24,
Stylecash Redeem,brand outlet,0.4,4/29/24,5/6/24,
Memorial Day Pre-Peak,brand outlet,0.5,5/16/24,5/21/24,
Memorial Day Peak,brand outlet,0.7,5/22/24,5/29/24,
July 4th Pre-Peak,brand outlet,0.5,6/21/24,6/27/24,
July 4th Peak,brand outlet,0.5,6/28/24,7/7/24,
Summer Sale,brand outlet,0.6,7/8/24,7/22/24,
Labor Day Pre-Peak,brand outlet,0.5,8/20/24,8/25/24,
Labor Day Peak,brand outlet,0.5,8/26/24,9/3/24,
Friends & Family,brand outlet,0.5,9/16/24,9/23/24,
October Peak,brand outlet,0.5,9/27/24,10/7/24,
Stylecash Redeem,brand outlet,0.6,10/24/24,10/31/24,
Holiday Preview,brand outlet,0.5,11/1/24,11/12/24,
Black Friday Pre-Peak,brand outlet,0.6,11/19/24,11/26/24,
Black Friday Peak,brand outlet,0.6,11/27/24,11/30/24,
Cyber Monday,brand outlet,0.6,12/1/24,12/4/24,
Holiday 1,brand outlet,0.7,12/10/24,12/19/24,
Holiday 2,brand outlet,0.5,12/20/24,12/25/24,
Winter Sale,brand outlet,0.5,12/26/24,1/2/25,
Presidents Day,brand outlet,0.5,2/12/25,2/18/25,
Friends & Family,brand outlet,0.5,3/23/25,3/30/25,
Easter Pre-Peak,brand outlet,0.5,4/7/25,4/11/25,
Easter Peak,brand outlet,0.7,4/12/25,4/22/25,
Stylecash Redeem,brand outlet,0.6,5/1/25,5/8/25,
Flash Sale,brand outlet,0.5,5/11/25,5/12/25,50% off everything
Memorial Day Pre-Peak,brand outlet,0.5,5/15/25,5/20/25,
Memorial Day Peak,brand outlet,0.7,5/21/25,5/28/25,
Memorial Day Peak,brand outlet,0.7,5/29/25,6/1/25,
July 4th Pre-Peak,brand outlet,0.5,6/19/25,6/26/25,
July 4th Peak,brand outlet,0.7,6/27/25,7/6/25,
Summer Sale,brand outlet,0.6,7/7/25,7/15/25,
Flash Sale,brand outlet,0.5,7/27/25,7/28/25,50% off everything
Labor Day Pre-Peak,brand outlet,0.5,8/19/25,8/24/25,
Labor Day Peak,brand outlet,0.7,8/25/25,9/2/25,
Friends & Family,brand outlet,0.5,9/12/25,9/21/25,
October Peak,brand outlet,0.5,10/6/25,10/13/25,
Stylecash Redeem,brand outlet,0.6,10/23/25,10/30/25,
Holiday Preview,brand outlet,0.5,10/31/25,11/11/25,
Black Friday Pre-Peak,brand outlet,0.6,11/18/25,11/25/25,
Black Friday Peak,brand outlet,0.6,11/26/25,11/29/25,
Cyber Monday,brand outlet,0.6,11/30/25,12/3/25,
Holiday 1,brand outlet,0.7,12/9/25,12/18/25,
Holiday 2,brand outlet,0.5,12/19/25,12/25/25,
Winter Sale,brand outlet,0.5,12/26/25,1/4/26,
MLK,brand outlet,0.5,1/15/26,1/20/26,
Presidents Day,brand outlet,0.5,2/11/26,2/17/26,
Flash Sale,brand outlet,0.5,2/22/26,2/22/26,50% off everything
Flash Sale,brand outlet,0.4,3/8/26,3/8/26,40% off everything
Friends & Family,brand outlet,0.5,3/13/26,3/17/26,
Flash Sale,brand outlet,0.4,3/22/26,3/22/26,40% off everything
Easter Pre-Peak,brand outlet,0.5,3/23/26,3/29/26,
Easter Peak,brand outlet,0.7,3/30/26,4/6/26,
Flash Sale,brand outlet,0.5,4/12/26,4/12/26,50% off everything
Flash Sale,brand outlet,0.5,4/26/26,4/26/26,50% off everything
Stylecash Redeem,brand outlet,0.6,4/27/26,5/4/26,
Flash Sale,brand outlet,0.5,5/10/26,5/11/26,50% off everything
Memorial Day Pre-Peak,brand outlet,0.5,5/14/26,5/19/26,
Memorial Day Peak,brand outlet,0.7,5/20/26,5/27/26,
July 4th Pre-Peak,brand outlet,0.5,6/18/26,6/25/26,
July 4th Peak,brand outlet,0.7,6/26/26,7/5/26,
Summer Sale,brand outlet,0.6,7/6/26,7/14/26,
Flash Sale,brand outlet,0.5,7/26/26,7/27/26,50% off everything
Flash Sale,brand outlet,0.5,9/13/26,9/13/26,50% off everything
Flash Sale,brand outlet,0.5,10/18/26,10/19/26,50% off everything
Flash Sale,brand outlet,0.5,12/7/26,12/7/26,50% off everything
Flash Sale,brand outlet,0.5,1/10/27,1/10/27,50% off everything
Friends & Family,brand ca,0.4,3/7/24,3/14/24,
Victoria Day,brand ca,0.2,5/16/24,5/20/24,
Memorial Day,brand ca,0.2,5/23/24,5/27/24,
Summer Sale Phase 1,brand ca,0.5,6/27/24,7/4/24,
Summer Sale Phase 2,brand ca,0.5,7/5/24,7/11/24,
Summer Sale Phase 3,brand ca,0.6,7/12/24,7/21/24,
Summer Sale Phase 4,brand ca,0.6,7/22/24,8/5/24,
Friends & Family,brand ca,0.4,9/16/24,9/29/24,
Holiday Preview,brand ca,0.4,11/2/24,11/11/24,
Black Friday,brand ca,0.4,11/25/24,11/30/24,
Cyber Monday,brand ca,0.4,12/1/24,12/5/24,
December Gifting,brand ca,0.4,12/12/24,12/16/24,
Winter Sale Phase 1,brand ca,0.6,12/26/24,1/2/25,
Winter Sale Phase 2,brand ca,0.6,1/3/25,1/12/25,
Winter Sale Phase 3,brand ca,0.6,1/13/25,1/22/25,
Friends & Family,brand ca,0.4,3/23/25,3/31/25,
Easter,brand ca,0.3,4/17/25,4/21/25,
Victoria Day,brand ca,0.3,5/15/25,5/19/25,
Summer Sale Phase 1,brand ca,0.6,6/26/25,6/29/25,
Summer Sale Phase 2,brand ca,0.6,6/30/25,7/9/25,
Summer Sale Phase 3,brand ca,0.6,7/10/25,7/20/25,
Summer Sale Phase 4,brand ca,0.6,7/21/25,8/3/25,
Labor Day,brand ca,0.5,8/28/25,9/1/25,
Friends & Family,brand ca,0.4,9/12/25,9/22/25,
Holiday Preview,brand ca,0.4,11/4/25,11/11/25,
Black Friday,brand ca,0.4,11/24/25,11/29/25,
Cyber Monday,brand ca,0.4,11/30/25,12/3/25,
December Gifting,brand ca,0.4,12/10/25,12/14/25,
Winter Sale Preview,brand ca,0.5,12/16/25,12/25/25,
Winter Sale Phase 1,brand ca,0.6,12/26/25,1/6/26,
Winter Sale Phase 2,brand ca,0.6,1/7/26,1/12/26,
Winter Sale Phase 3,brand ca,0.6,1/13/26,1/22/26,
Friends & Family,brand ca,0.4,3/14/26,3/22/26,
Easter,brand ca,0.3,4/2/26,4/6/26,
Victoria Day,brand ca,0.3,5/14/26,5/18/26,
Summer Sale Phase 1,brand ca,0.6,6/25/26,6/28/26,
Summer Sale Phase 2,brand ca,0.6,6/29/26,7/8/26,
Summer Sale Phase 3,brand ca,0.6,7/9/26,7/19/26,
Summer Sale Phase 4,brand ca,0.6,7/20/26,7/27/26,
Flash Sale,brand ca,0.3,7/29/26,7/31/26,30% off your purchase MEN/WOMEN (Online only) *Exclusions apply
Friends & Family,brand ca,0.4,9/12/26,9/20/26,
Holiday Preview,brand ca,0.4,11/5/26,11/11/26,
Black Friday Pre-Peak,brand ca,,11/19/26,11/22/26,
Black Friday Peak,brand ca,0.4,11/23/26,11/28/26,
Cyber Monday,brand ca,0.4,11/29/26,12/1/26,
Winter Sale Phase 1,brand ca,,12/26/26,1/3/27,
Friends & Family,brand us,0.4,3/7/24,3/14/24,
Memorial Day,brand us,0.3,5/23/24,5/27/24,
Summer Sale Phase 1,brand us,0.5,6/27/24,7/4/24,
Summer Sale Phase 2,brand us,0.5,7/5/24,7/11/24,
Summer Sale Phase 3,brand us,0.6,7/12/24,7/21/24,
Summer Sale Phase 4,brand us,0.6,7/22/24,8/5/24,
Friends & Family,brand us,0.4,9/16/24,9/29/24,
Holiday Preview,brand us,0.4,11/2/24,11/11/24,
Black Friday,brand us,0.4,11/25/24,11/30/24,
Cyber Monday,brand us,0.4,12/1/24,12/5/24,
December Gifting,brand us,0.4,12/12/24,12/16/24,
Winter Sale Phase 1,brand us,0.6,12/26/24,1/2/25,
Winter Sale Phase 2,brand us,0.6,1/3/25,1/12/25,
Winter Sale Phase 3,brand us,0.6,1/13/25,1/22/25,
Friends & Family,brand us,0.4,3/23/25,3/31/25,
Easter,brand us,0.3,4/17/25,4/21/25,
Memorial Day,brand us,0.3,5/22/25,5/27/25,
Summer Sale Phase 1,brand us,0.6,6/26/25,6/29/25,
Summer Sale Phase 2,brand us,0.6,6/30/25,7/9/25,
Summer Sale Phase 3,brand us,0.6,7/10/25,7/20/25,
Summer Sale Phase 4,brand us,0.6,7/21/25,8/3/25,
Labor Day,brand us,0.5,8/28/25,9/1/25,
Friends & Family,brand us,0.4,9/12/25,9/22/25,
Holiday Preview,brand us,0.4,11/4/25,11/11/25,
Black Friday,brand us,0.4,11/24/25,11/29/25,
Cyber Monday,brand us,0.4,11/30/25,12/3/25,
December Gifting,brand us,0.4,12/10/25,12/14/25,
Winter Sale Preview,brand us,0.5,12/16/25,12/25/25,
Winter Sale Phase 1,brand us,0.6,12/27/25,1/6/26,
Winter Sale Phase 2,brand us,0.6,1/7/26,1/12/26,
Winter Sale Phase 3,brand us,0.6,1/13/26,1/22/26,
Friends & Family,brand us,0.4,3/14/26,3/22/26,
Easter,brand us,0.3,4/2/26,4/6/26,
Memorial Day,brand us,0.3,5/21/26,5/25/26,
Summer Sale Phase 1,brand us,0.6,6/25/26,6/28/26,
Summer Sale Phase 2,brand us,0.6,6/29/26,7/8/26,
Summer Sale Phase 3,brand us,0.6,7/9/26,7/19/26,
Summer Sale Phase 4,brand us,0.6,7/20/26,7/27/26,
Flash Sale,brand us,0.3,7/29/26,7/31/26,30% off your purchase MEN/WOMEN (Online only) *Exclusions apply
Friends & Family,brand us,0.4,9/12/26,9/20/26,
Holiday Preview,brand us,0.4,11/5/26,11/11/26,
Black Friday Pre-Peak,brand us,,11/19/26,11/22/26,
Black Friday Peak,brand us,0.4,11/23/26,11/28/26,
Cyber Monday,brand us,0.4,11/29/26,12/1/26,
Winter Sale Phase 1,brand us,,12/26/26,1/3/27,